{
  "1. Full Model (Baseline)": {
    "accuracy": 0.8765883734569518,
    "accuracy_std": 0.03325666400213379,
    "f1_macro": 0.5612005774006286,
    "f1_macro_std": 0.02374542212876161,
    "f1_per_class_mean": [
      0.9635621750841119,
      0.19112614662276464,
      0.8358114471261938,
      0.32926286427112045,
      0.48624025389895165
    ],
    "conf_matrix_mean": [
      [
        2881.2,
        75.8,
        14.6,
        0.6,
        14.0
      ],
      [
        57.8,
        37.6,
        96.8,
        0.2,
        21.6
      ],
      [
        21.4,
        23.4,
        711.4,
        5.2,
        17.8
      ],
      [
        0.8,
        0.2,
        61.2,
        34.4,
        0.0
      ],
      [
        35.4,
        53.2,
        67.8,
        0.0,
        131.8
      ]
    ],
    "training_time": 1834.8108716011047,
    "config": {
      "enable_menopause_features": true,
      "metric": "riemann",
      "temporal_smoothing": true,
      "classifier": "ensemble",
      "estimator": "oas"
    }
  },
  "2. -Menopause Features": {
    "accuracy": 0.8785254139498079,
    "accuracy_std": 0.035593666386735126,
    "f1_macro": 0.576211251656692,
    "f1_macro_std": 0.015590978947044197,
    "f1_per_class_mean": [
      0.9593173912232806,
      0.20539623931565423,
      0.8345314576093139,
      0.3441012641450039,
      0.5377099059902074
    ],
    "conf_matrix_mean": [
      [
        2886.2,
        75.0,
        12.4,
        0.4,
        12.2
      ],
      [
        67.6,
        41.2,
        85.6,
        0.0,
        19.6
      ],
      [
        33.0,
        26.4,
        696.0,
        6.2,
        17.6
      ],
      [
        1.8,
        0.2,
        55.8,
        38.8,
        0.0
      ],
      [
        46.8,
        38.6,
        63.4,
        0.0,
        139.4
      ]
    ],
    "training_time": 1569.1245694160461,
    "config": {
      "enable_menopause_features": false,
      "metric": "riemann",
      "temporal_smoothing": true,
      "classifier": "ensemble",
      "estimator": "oas"
    }
  },
  "3. Euclid vs Riemann": {
    "accuracy": 0.8779650283131059,
    "accuracy_std": 0.030652579343322273,
    "f1_macro": 0.5809033632549297,
    "f1_macro_std": 0.009695356610097903,
    "f1_per_class_mean": [
      0.9624752774501946,
      0.22008936398118067,
      0.8346592695950926,
      0.3385969378185306,
      0.5486959674296503
    ],
    "conf_matrix_mean": [
      [
        2876.8,
        77.6,
        13.8,
        0.6,
        17.4
      ],
      [
        56.6,
        43.8,
        94.0,
        0.0,
        19.6
      ],
      [
        22.0,
        24.4,
        707.6,
        5.4,
        19.8
      ],
      [
        1.0,
        0.0,
        60.8,
        34.8,
        0.0
      ],
      [
        38.4,
        45.6,
        66.0,
        0.0,
        138.2
      ]
    ],
    "training_time": 2025.639078617096,
    "config": {
      "enable_menopause_features": true,
      "metric": "euclid",
      "temporal_smoothing": true,
      "classifier": "ensemble",
      "estimator": "oas"
    }
  },
  "4. -Temporal Smoothing": {
    "accuracy": 0.8677469405112088,
    "accuracy_std": 0.03163212138078274,
    "f1_macro": 0.6075183982814568,
    "f1_macro_std": 0.031686485042472755,
    "f1_per_class_mean": [
      0.9596866925626595,
      0.1943090614539509,
      0.8285614479043261,
      0.5732766127690706,
      0.4817581767172774
    ],
    "conf_matrix_mean": [
      [
        2864.4,
        91.2,
        6.4,
        0.6,
        23.6
      ],
      [
        54.2,
        44.0,
        79.4,
        0.0,
        36.4
      ],
      [
        30.2,
        38.4,
        680.0,
        7.4,
        23.2
      ],
      [
        3.2,
        0.6,
        49.8,
        43.0,
        0.0
      ],
      [
        34.6,
        59.6,
        66.8,
        0.6,
        126.6
      ]
    ],
    "training_time": 2142.4150681495667,
    "config": {
      "enable_menopause_features": true,
      "metric": "riemann",
      "temporal_smoothing": false,
      "classifier": "ensemble",
      "estimator": "oas"
    }
  },
  "5. Classifier-LDA": {
    "accuracy": 0.8696611844422961,
    "accuracy_std": 0.03761591595608216,
    "f1_macro": 0.6198018919320841,
    "f1_macro_std": 0.08167016249657003,
    "f1_per_class_mean": [
      0.9499060890466817,
      0.15150077645638588,
      0.8587045988312443,
      0.48666779411336075,
      0.6522302012127478
    ],
    "conf_matrix_mean": [
      [
        2777.0,
        153.6,
        29.4,
        7.4,
        18.8
      ],
      [
        36.4,
        50.2,
        71.0,
        1.0,
        55.4
      ],
      [
        10.8,
        26.8,
        693.8,
        23.2,
        24.6
      ],
      [
        1.0,
        0.0,
        33.2,
        62.4,
        0.0
      ],
      [
        26.0,
        46.8,
        13.6,
        0.0,
        201.8
      ]
    ],
    "training_time": 349.9826645851135,
    "config": {
      "enable_menopause_features": true,
      "metric": "riemann",
      "temporal_smoothing": true,
      "classifier": "lda",
      "estimator": "oas"
    }
  },
  "6. Classifier-SVM": {
    "accuracy": 0.8493664153731739,
    "accuracy_std": 0.05180030248141514,
    "f1_macro": 0.643444837010492,
    "f1_macro_std": 0.06203686689246495,
    "f1_per_class_mean": [
      0.9464792749184717,
      0.29243571063718543,
      0.8233747268814593,
      0.4810776024719058,
      0.6738568701434381
    ],
    "conf_matrix_mean": [
      [
        2706.8,
        241.8,
        7.8,
        1.4,
        28.4
      ],
      [
        19.4,
        105.4,
        49.8,
        0.6,
        38.8
      ],
      [
        5.6,
        106.4,
        609.2,
        32.8,
        25.2
      ],
      [
        0.6,
        5.4,
        32.6,
        58.0,
        0.0
      ],
      [
        13.0,
        71.6,
        16.4,
        0.0,
        187.2
      ]
    ],
    "training_time": 498.1051881313324,
    "config": {
      "enable_menopause_features": true,
      "metric": "riemann",
      "temporal_smoothing": true,
      "classifier": "svm",
      "estimator": "oas"
    }
  },
  "7. Estimator-LWF": {
    "accuracy": 0.8783185235593767,
    "accuracy_std": 0.03289805695836586,
    "f1_macro": 0.5662684279919774,
    "f1_macro_std": 0.01651667053537687,
    "f1_per_class_mean": [
      0.9645766514402079,
      0.18972389162044462,
      0.8355572169963512,
      0.33750855779508704,
      0.5039758221077966
    ],
    "conf_matrix_mean": [
      [
        2890.6,
        65.8,
        13.6,
        0.6,
        15.6
      ],
      [
        59.4,
        37.4,
        93.4,
        0.2,
        23.6
      ],
      [
        22.4,
        25.2,
        707.4,
        6.0,
        18.2
      ],
      [
        1.0,
        0.0,
        60.2,
        35.4,
        0.0
      ],
      [
        38.6,
        51.6,
        64.4,
        0.0,
        133.6
      ]
    ],
    "training_time": 3287.137485265732,
    "config": {
      "enable_menopause_features": true,
      "metric": "riemann",
      "temporal_smoothing": true,
      "classifier": "ensemble",
      "estimator": "lwf"
    }
  },
  "8. Estimator-SCM": {
    "accuracy": 0.8800104223376369,
    "accuracy_std": 0.03312024226566279,
    "f1_macro": 0.5752234856599066,
    "f1_macro_std": 0.005667721944893034,
    "f1_per_class_mean": [
      0.9642469450177181,
      0.21606297212754502,
      0.8372923887760212,
      0.3263476749239461,
      0.5321674474543021
    ],