{
  "Random Forest": {
    "accuracy": 0.8670734214809939,
    "accuracy_std": 0.02131997938956846,
    "f1_macro": 0.6060110013341171,
    "f1_macro_std": 0.03574839722556183,
    "conf_matrix": [
      [
        2871.6,
        43.6,
        7.4,
        0.4,
        63.2
      ],
      [
        62.4,
        32.2,
        85.6,
        0.0,
        33.8
      ],
      [
        29.2,
        16.2,
        696.6,
        11.8,
        25.4
      ],
      [
        2.2,
        0.0,
        40.8,
        53.6,
        0.0
      ],
      [
        70.6,
        27.8,
        79.0,
        0.2,
        110.6
      ]
    ],
    "training_time": 22.006892442703247
  },
  "EEGNet (braindecode)": {
    "accuracy": 0.8051291812854109,
    "accuracy_std": 0.024132697307408926,
    "f1_macro": 0.48162288817509646,
    "f1_macro_std": 0.060964400174993216,
    "conf_matrix": [
      [
        2924.6,
        21.2,
        9.2,
        11.0,
        20.2
      ],
      [
        111.8,
        10.8,
        49.0,
        10.8,
        31.6
      ],
      [
        165.2,
        10.8,
        381.4,
        197.6,
        24.2
      ],
      [
        3.8,
        0.0,
        2.4,
        90.4,
        0.0
      ],
      [
        98.4,
        20.8,
        47.0,
        4.4,
        117.6
      ]
    ],
    "training_time": 542.8253517150879
  },
  "TinySleepNet": {
    "accuracy": 0.856252182922079,
    "accuracy_std": 0.01946523634927116,
    "f1_macro": 0.5759305415432145,
    "f1_macro_std": 0.049932312057388406,
    "conf_matrix": [
      [
        2891.0,
        33.6,
        12.4,
        3.6,
        45.6
      ],
      [
        57.4,
        21.8,
        90.4,
        0.8,
        43.6
      ],
      [
        44.6,
        33.0,
        589.4,
        84.8,
        27.4
      ],
      [
        7.2,
        1.6,
        14.6,
        73.2,
        0.0
      ],
      [
        37.2,
        24.6,
        71.8,
        0.0,
        154.6
      ]
    ],
    "training_time": 571.651713848114
  },
  "MiniRocket": {
    "accuracy": 0.7198313038624089,
    "accuracy_std": 0.028515104429855612,
    "f1_macro": 0.2392306718681218,
    "f1_macro_std": 0.043939425500353436,
    "conf_matrix": [
      [
        2896.0,
        1.6,
        73.0,
        0.0,
        15.6
      ],
      [
        158.8,
        0.4,
        48.4,
        0.0,
        6.4
      ],
      [
        555.8,
        0.2,
        220.0,
        0.0,
        3.2
      ],
      [
        94.6,
        0.0,
        2.0,
        0.0,
        0.0
      ],
      [
        238.8,
        0.4,
        40.8,
        0.0,
        8.2
      ]
    ],
    "training_time": 2084.679764509201
  },
  "YASA": {
    "accuracy": 0.8703451127254844,
    "accuracy_std": 0.021315391440231132,
    "f1_macro": 0.5754922803931972,
    "f1_macro_std": 0.04583904483550487,
    "conf_matrix": [
      [
        2906.0,
        29.2,
        8.8,
        0.2,
        42.0
      ],
      [
        60.2,
        34.4,
        84.8,
        0.0,
        34.6
      ],
      [
        26.0,
        21.4,
        689.2,
        17.6,
        25.0
      ],
      [
        1.8,
        0.0,
        40.0,
        54.8,
        0.0
      ],
      [
        76.4,
        45.6,
        71.6,
        0.8,
        93.8
      ]
    ],
    "training_time": 167.77286767959595
  },
  "MenoSCA-FBTS": {
    "accuracy": 0.8765883734569518,
    "accuracy_std": 0.03325666400213379,
    "f1_macro": 0.5612005774006286,
    "f1_macro_std": 0.02374542212876161,
    "conf_matrix": [
      [
        2881.2,
        75.8,
        14.6,
        0.6,
        14.0
      ],
      [
        57.8,
        37.6,
        96.8,
        0.2,
        21.6
      ],
      [
        21.4,
        23.4,
        711.4,
        5.2,
        17.8
      ],
      [
        0.8,
        0.2,
        61.2,
        34.4,
        0.0
      ],
      [
        35.4,
        53.2,
        67.8,
        0.0,
        131.8
      ]
    ],
    "training_time": 335.51004791259766
  }
}