{
  "1. Full Model (Baseline)": {
    "accuracy": 0.8776759945083343,
    "accuracy_std": 0.03370698190048031,
    "f1_macro": 0.5694406618288502,
    "f1_macro_std": 0.014239183580505715,
    "f1_per_class_mean": [
      0.9612566023580165,
      0.17770839830299648,
      0.8348061319921086,
      0.32679226816735996,
      0.5466399083237696
    ],
    "conf_matrix_mean": [
      [
        2875.8,
        63.8,
        13.4,
        0.4,
        32.8
      ],
      [
        63.2,
        36.6,
        85.0,
        0.4,
        28.8
      ],
      [
        26.4,
        26.2,
        695.6,
        7.8,
        23.2
      ],
      [
        1.2,
        0.4,
        57.0,
        38.0,
        0.0
      ],
      [
        38.6,
        35.6,
        65.0,
        0.0,
        149.0
      ]
    ],
    "training_time": 140.3917591571808,
    "config": {
      "enable_menopause_features": true,
      "metric": "riemann",
      "temporal_smoothing": true,
      "classifier": "ensemble",
      "estimator": "oas"
    }
  },
  "2. -Menopause Features": {
    "accuracy": 0.8814285965171076,
    "accuracy_std": 0.037078845664235936,
    "f1_macro": 0.576045479707059,
    "f1_macro_std": 0.021208382326783203,
    "f1_per_class_mean": [
      0.9622608804821681,
      0.17828270510071725,
      0.8372010420476986,
      0.3461065565377658,
      0.5563762143669457
    ],
    "conf_matrix_mean": [
      [
        2892.4,
        48.2,
        13.4,
        0.4,
        31.8
      ],
      [
        69.4,
        32.0,
        84.2,
        0.4,
        28.0
      ],
      [
        28.0,
        22.8,
        695.4,
        9.4,
        23.6
      ],
      [
        1.4,
        0.2,
        54.2,
        40.8,
        0.0
      ],
      [
        45.4,
        31.8,
        64.4,
        0.0,
        146.6
      ]
    ],
    "training_time": 125.09674429893494,
    "config": {
      "enable_menopause_features": false,
      "metric": "riemann",
      "temporal_smoothing": true,
      "classifier": "ensemble",
      "estimator": "oas"
    }
  },
  "3. Euclid vs Riemann": {
    "accuracy": 0.8784769103549637,
    "accuracy_std": 0.033802744004572616,
    "f1_macro": 0.5717776303393667,
    "f1_macro_std": 0.016199700887755446,
    "f1_per_class_mean": [
      0.9633178325304238,
      0.1752883205234126,
      0.834198343606048,
      0.33126959793742594,
      0.5548140570995226
    ],
    "conf_matrix_mean": [
      [
        2882.2,
        62.2,
        13.0,
        0.4,
        28.4
      ],
      [
        62.8,
        35.8,
        82.8,
        0.4,
        32.2
      ],
      [
        27.0,
        26.6,
        693.6,
        9.2,
        22.8
      ],
      [
        1.4,
        0.2,
        56.4,
        38.6,
        0.0
      ],
      [
        33.2,
        40.8,
        66.6,
        0.0,
        147.6
      ]
    ],
    "training_time": 136.49597477912903,
    "config": {
      "enable_menopause_features": true,
      "metric": "euclid",
      "temporal_smoothing": true,
      "classifier": "ensemble",
      "estimator": "oas"
    }
  },
  "4. -Temporal Smoothing": {
    "accuracy": 0.8657526915574572,
    "accuracy_std": 0.04100395646613269,
    "f1_macro": 0.597025944605966,
    "f1_macro_std": 0.017632919242871588,
    "f1_per_class_mean": [
      0.9568321662919343,
      0.1866477984073153,
      0.8234264335123088,
      0.5050012519280974,
      0.5132220728901741
    ],
    "conf_matrix_mean": [
      [
        2844.0,
        88.6,
        11.8,
        1.2,
        40.6
      ],
      [
        53.4,
        42.0,
        70.2,
        0.4,
        48.0
      ],
      [
        32.0,
        38.6,
        663.6,
        12.4,
        32.6
      ],
      [
        4.4,
        0.6,
        46.0,
        45.6,
        0.0
      ],
      [
        36.4,
        43.4,
        65.8,
        0.4,
        142.2
      ]
    ],
    "training_time": 140.53159499168396,
    "config": {
      "enable_menopause_features": true,
      "metric": "riemann",
      "temporal_smoothing": false,
      "classifier": "ensemble",
      "estimator": "oas"
    }
  },
  "5. Classifier-LDA": {
    "accuracy": 0.8107850607289171,
    "accuracy_std": 0.08405803816450097,
    "f1_macro": 0.5698683200333552,
    "f1_macro_std": 0.0863562691270208,
    "f1_per_class_mean": [
      0.8958149781053024,
      0.12006879782621585,
      0.7925147355645779,
      0.4149806699302535,
      0.6259624187404268
    ],
    "conf_matrix_mean": [
      [
        2618.6,
        143.4,
        127.4,
        78.0,
        18.8
      ],
      [
        46.4,
        36.8,
        76.4,
        0.4,
        54.0
      ],
      [
        69.0,
        13.0,
        639.2,
        10.6,
        47.4
      ],
      [
        32.2,
        0.0,
        23.4,
        40.6,
        0.4
      ],
      [
        39.0,
        28.2,
        12.2,
        0.0,
        208.8
      ]
    ],
    "training_time": 111.11693930625916,
    "config": {
      "enable_menopause_features": true,
      "metric": "riemann",
      "temporal_smoothing": true,
      "classifier": "lda",
      "estimator": "oas"
    }
  },
  "6. Classifier-SVM": {
    "accuracy": 0.8913347120258436,
    "accuracy_std": 0.02936969127491151,
    "f1_macro": 0.5907709868432347,
    "f1_macro_std": 0.040547714802608395,
    "f1_per_class_mean": [
      0.9650567793840408,
      0.12745661835284258,
      0.8487209496363988,
      0.3641571560108098,
      0.6484634308320819
    ],
    "conf_matrix_mean": [
      [
        2915.8,
        27.6,
        19.8,
        3.0,
        20.0
      ],
      [
        69.0,
        17.4,
        91.4,
        0.4,
        35.8
      ],
      [
        32.2,
        16.6,
        696.2,
        6.8,
        27.4
      ],
      [
        3.4,
        0.2,
        50.6,
        42.4,
        0.0
      ],
      [
        36.6,
        26.0,
        34.6,
        0.0,
        191.0
      ]
    ],
    "training_time": 197.81149816513062,
    "config": {
      "enable_menopause_features": true,
      "metric": "riemann",
      "temporal_smoothing": true,
      "classifier": "svm",
      "estimator": "oas"
    }
  },
  "7. Estimator-LWF": {
    "accuracy": 0.8769343202468208,
    "accuracy_std": 0.036117050121428976,
    "f1_macro": 0.5737783950544284,
    "f1_macro_std": 0.017842256726665198,
    "f1_per_class_mean": [
      0.9604265059600167,
      0.16504499291733774,
      0.834975386171191,
      0.33801684236598095,
      0.5704282478576153
    ],
    "conf_matrix_mean": [
      [
        2869.6,
        75.8,
        13.8,
        0.4,
        26.6
      ],
      [
        64.8,
        33.6,
        86.0,
        0.4,
        29.2
      ],
      [
        29.0,
        26.0,
        694.4,
        8.6,
        21.2
      ],
      [
        2.0,
        0.2,
        54.4,
        40.0,
        0.0
      ],
      [
        35.2,
        39.8,
        63.2,
        0.0,
        150.0
      ]
    ],
    "training_time": 154.88361716270447,
    "config": {
      "enable_menopause_features": true,
      "metric": "riemann",
      "temporal_smoothing": true,
      "classifier": "ensemble",
      "estimator": "lwf"
    }
  },
  "8. Estimator-SCM": {
    "accuracy": 0.878004526142026,
    "accuracy_std": 0.03481308240261225,
    "f1_macro": 0.5744451378512032,
    "f1_macro_std": 0.01788715755880449,
    "f1_per_class_mean": [
      0.9610223047274896,
      0.1747316560727161,
      0.8373790544385106,
      0.3473498964803313,
      0.5517427775369687
    ],