{
  "transition_spectrum": {
    "transition_analysis": {
      "menopausal": {
        "w_to_n1_mean": 25.625,
        "w_to_n1_std": 18.13792642503547,
        "n1_to_n3_mean": 0.125,
        "n1_to_n3_std": 0.33071891388307384,
        "wake_transition_rate_mean": 0.1883735109143701,
        "wake_transition_rate_std": 0.08701351595371887,
        "total_transitions_mean": 133.5,
        "n_subjects": 8
      },
      "young_women": {
        "w_to_n1_mean": 10.1,
        "w_to_n1_std": 4.085339643163099,
        "n1_to_n3_mean": 0.1,
        "n1_to_n3_std": 0.30000000000000004,
        "wake_transition_rate_mean": 0.10442766698363608,
        "wake_transition_rate_std": 0.0439875681654146,
        "total_transitions_mean": 110.5,
        "n_subjects": 10
      },
      "young_men": {
        "w_to_n1_mean": 11.0,
        "w_to_n1_std": 3.714835124201342,
        "n1_to_n3_mean": 0.1,
        "n1_to_n3_std": 0.30000000000000004,
        "wake_transition_rate_mean": 0.14119133832040956,
        "wake_transition_rate_std": 0.05458391312052501,
        "total_transitions_mean": 105.9,
        "n_subjects": 10
      }
    },
    "spectrum_analysis": {
      "menopausal": {
        "delta_mean": 49.88324906105221,
        "delta_std": 4.378639799572206,
        "theta_mean": 5.18239497937193,
        "theta_std": 1.2571560827192778,
        "alpha_mean": 1.9560089031544783,
        "alpha_std": 0.9544280366030684,
        "sigma_mean": 0.9537233081070831,
        "sigma_std": 0.3203721130221836,
        "n_subjects": 8
      },
      "young_women": {
        "delta_mean": 50.68065087895563,
        "delta_std": 4.470423179239249,
        "theta_mean": 4.731675129794395,
        "theta_std": 1.2881279608860976,
        "alpha_mean": 2.040684262602878,
        "alpha_std": 1.2311932475616492,
        "sigma_mean": 1.225444329107789,
        "sigma_std": 0.8537351839775853,
        "n_subjects": 10
      },
      "young_men": {
        "delta_mean": 51.75719323614667,
        "delta_std": 8.521740048131997,
        "theta_mean": 4.632150620933473,
        "theta_std": 1.0191114981476666,
        "alpha_mean": 1.5490806074892232,
        "alpha_std": 0.5774404864721735,
        "sigma_mean": 0.9430412890792914,
        "sigma_std": 0.5123148483527966,
        "n_subjects": 10
      }
    }
  },
  "menopause_sensitivity": {
    "n1_recall": {
      "menopausal": {
        "MenoSCA-FBTS": 38.6,
        "Random Forest": 35.2,
        "EEGNet": 22.8
      },
      "young_women": {
        "MenoSCA-FBTS": 48.5,
        "Random Forest": 42.1,
        "EEGNet": 28.5
      },
      "young_men": {
        "MenoSCA-FBTS": 45.2,
        "Random Forest": 38.8,
        "EEGNet": 25.2
      }
    },
    "n3_recall": {
      "menopausal": {
        "MenoSCA-FBTS": 62.5,
        "Random Forest": 55.8,
        "EEGNet": 18.5
      },
      "young_women": {
        "MenoSCA-FBTS": 84.5,
        "Random Forest": 78.2,
        "EEGNet": 42.1
      },
      "young_men": {
        "MenoSCA-FBTS": 82.5,
        "Random Forest": 75.6,
        "EEGNet": 38.8
      }
    }
  },
  "hypnodensity_quantitative": {
    "menopausal_women": {
      "First Hour": {
        "wake": 99.96242771546045,
        "n1": 0.004978019760907651,
        "n2": 0.02751530255219829,
        "n3": 0.002827667013131456,
        "rem": 0.0022512888699566247
      },
      "Middle Hour": {
        "wake": 1.8866487728344812,
        "n1": 0.4342973510847514,
        "n2": 32.50199130809657,
        "n3": 27.38590634215522,
        "rem": 37.79115678108458
      },
      "Last Hour": {
        "wake": 99.94188750783603,
        "n1": 0.015088416338736957,
        "n2": 0.022417031430753315,
        "n3": 0.011326754067984742,
        "rem": 0.00927965910269298
      }
    },
    "young_women": {
      "First Hour": {
        "wake": 99.87126832207043,
        "n1": 0.042195549607792295,
        "n2": 0.023817884730306105,
        "n3": 0.05551438577242607,
        "rem": 0.0072028346653496556
      },
      "Middle Hour": {
        "wake": 1.0745793856494856,
        "n1": 6.5612899333230725,
        "n2": 34.03397161195244,
        "n3": 34.23653147316221,
        "rem": 24.09362732358204
      },
      "Last Hour": {
        "wake": 99.98189210891724,
        "n1": 0.007628284115526184,
        "n2": 0.0036913173278207974,
        "n3": 0.0039236113716848795,
        "rem": 0.002864626474092802
      }
    },
    "young_men": {
      "First Hour": {
        "wake": 99.9772215882937,
        "n1": 0.008271423895015081,
        "n2": 0.0034010372818708374,
        "n3": 0.0073306910762009165,
        "rem": 0.003775286032047613
      },
      "Middle Hour": {
        "wake": 18.37560559331602,
        "n1": 7.352991804547174,
        "n2": 64.23843013773838,
        "n3": 9.857274348296414,
        "rem": 0.1756979521868137
      },
      "Last Hour": {
        "wake": 99.97494533658028,
        "n1": 0.003582775523985523,
        "n2": 0.006277477821564996,
        "n3": 0.01130701658022796,
        "rem": 0.0038873201140177116
      }
    }
  },
  "outlier_sensitivity": {
    "original": {
      "h_stat": 7.4309113300492555,
      "p_value": 0.024344345720431797,
      "p_mw_yw": 0.020521961698432286,
      "p_mw_ym": 0.01554001554001554,
      "d_mw_yw": -1.1162565285339836,
      "d_mw_ym": -1.290661786082088,
      "n_mw": 8,
      "n_yw": 10,
      "n_ym": 10
    },
    "robust": {
      "h_stat": 6.1297052154194915,
      "p_value": 0.04666071878786346,
      "p_mw_yw": 0.043089263677498976,
      "p_mw_ym": 0.024989716166186754,
      "d_mw_yw": -1.006253482534704,
      "d_mw_ym": -1.1719290861965952,
      "n_mw": 7,
      "n_yw": 10,
      "n_ym": 10
    },
    "excluded_subject": "80"
  },
  "sleep_correlation": {
    "n3_vs_eff": {
      "r": 0.18250164598037044,
      "p": 0.35262043522535963
    },
    "n1_vs_waso": {
      "r": NaN,
      "p": NaN
    },
    "n1_vs_eff": {
      "r": -0.1928086796399779,
      "p": 0.3256091309776017
    }
  }
}