{
  "Random Forest": {
    "accuracy": 0.8670734214809939,
    "accuracy_std": 0.02131997938956846,
    "f1_macro": 0.6060110013341171,
    "f1_macro_std": 0.03574839722556183,
    "conf_matrix": [
      [
        2871.6,
        43.6,
        7.4,
        0.4,
        63.2
      ],
      [
        62.4,
        32.2,
        85.6,
        0.0,
        33.8
      ],
      [
        29.2,
        16.2,
        696.6,
        11.8,
        25.4
      ],
      [
        2.2,
        0.0,
        40.8,
        53.6,
        0.0
      ],
      [
        70.6,
        27.8,
        79.0,
        0.2,
        110.6
      ]
    ],
    "training_time": 18.827314376831055
  },
  "EEGNet (braindecode)": {
    "accuracy": 0.8096694387876697,
    "accuracy_std": 0.02049276451756366,
    "f1_macro": 0.46688425490583363,
    "f1_macro_std": 0.06318674428664663,
    "conf_matrix": [
      [
        2900.8,
        18.8,
        29.0,
        16.6,
        21.0
      ],
      [
        92.0,
        8.6,
        78.8,
        15.0,
        19.6
      ],
      [
        138.6,
        9.2,
        449.2,
        170.6,
        11.6
      ],
      [
        2.8,
        0.0,
        2.6,
        91.2,
        0.0
      ],
      [
        86.6,
        19.6,
        93.0,
        12.6,
        76.4
      ]
    ],
    "training_time": 867.6298096179962
  },
  "TinySleepNet": {
    "accuracy": 0.8655098682931802,
    "accuracy_std": 0.010052569563275358,
    "f1_macro": 0.5784437181677795,
    "f1_macro_std": 0.052302926543836885,
    "conf_matrix": [
      [
        2925.6,
        14.0,
        17.0,
        2.2,
        27.4
      ],
      [
        63.2,
        16.2,
        89.6,
        3.0,
        42.0
      ],
      [
        39.0,
        27.2,
        592.6,
        91.4,
        29.0
      ],
      [
        7.8,
        1.0,
        9.2,
        77.4,
        1.2
      ],
      [
        38.6,
        26.4,
        64.2,
        0.6,
        158.4
      ]
    ],
    "training_time": 803.364339351654
  },
  "MiniRocket": {
    "accuracy": 0.7198313038624089,
    "accuracy_std": 0.028515104429855612,
    "f1_macro": 0.2392306718681218,
    "f1_macro_std": 0.043939425500353436,
    "conf_matrix": [
      [
        2896.0,
        1.6,
        73.0,
        0.0,
        15.6
      ],
      [
        158.8,
        0.4,
        48.4,
        0.0,
        6.4
      ],
      [
        555.8,
        0.2,
        220.0,
        0.0,
        3.2
      ],
      [
        94.6,
        0.0,
        2.0,
        0.0,
        0.0
      ],
      [
        238.8,
        0.4,
        40.8,
        0.0,
        8.2
      ]
    ],
    "training_time": 1166.004806280136
  },
  "YASA": {
    "accuracy": 0.8703451127254844,
    "accuracy_std": 0.021315391440231132,
    "f1_macro": 0.5754922803931972,
    "f1_macro_std": 0.04583904483550487,
    "conf_matrix": [
      [
        2906.0,
        29.2,
        8.8,
        0.2,
        42.0
      ],
      [
        60.2,
        34.4,
        84.8,
        0.0,
        34.6
      ],
      [
        26.0,
        21.4,
        689.2,
        17.6,
        25.0
      ],
      [
        1.8,
        0.0,
        40.0,
        54.8,
        0.0
      ],
      [
        76.4,
        45.6,
        71.6,
        0.8,
        93.8
      ]
    ],
    "training_time": 131.60313200950623
  },
  "MenoSCA-FBTS": {
    "accuracy": 0.8776759945083343,
    "accuracy_std": 0.03370698190048031,
    "f1_macro": 0.5694406618288502,
    "f1_macro_std": 0.014239183580505715,
    "conf_matrix": [
      [
        2875.8,
        63.8,
        13.4,
        0.4,
        32.8
      ],
      [
        63.2,
        36.6,
        85.0,
        0.4,
        28.8
      ],
      [
        26.4,
        26.2,
        695.6,
        7.8,
        23.2
      ],
      [
        1.2,
        0.4,
        57.0,
        38.0,
        0.0
      ],
      [
        38.6,
        35.6,
        65.0,
        0.0,
        149.0
      ]
    ],
    "training_time": 135.00113105773926
  }
}