{
  "1. Full Model (Baseline)": {
    "accuracy": 0.8744611991545017,
    "accuracy_std": 0.037363787609176524,
    "f1_macro": 0.5676785540586656,
    "f1_macro_std": 0.02200670103839793,
    "f1_per_class_mean": [
      0.9607874156333036,
      0.14694974783949263,
      0.831744076890736,
      0.3219273480143045,
      0.5769841819154913
    ],
    "conf_matrix_mean": [
      [
        2868.6,
        77.4,
        15.2,
        0.4,
        24.6
      ],
      [
        70.2,
        28.4,
        89.0,
        0.4,
        26.0
      ],
      [
        23.4,
        27.2,
        697.8,
        9.0,
        21.8
      ],
      [
        1.4,
        0.6,
        58.2,
        36.4,
        0.0
      ],
      [
        28.8,
        46.0,
        63.8,
        0.0,
        149.6
      ]
    ],
    "training_time": 117.18780255317688,
    "config": {
      "enable_menopause_features": true,
      "metric": "riemann",
      "temporal_smoothing": true,
      "classifier": "ensemble",
      "estimator": "oas"
    }
  },
  "2. -Menopause Features": {
    "accuracy": 0.8751733465847508,
    "accuracy_std": 0.03472355897443194,
    "f1_macro": 0.5632493663866391,
    "f1_macro_std": 0.02460840560764718,
    "f1_per_class_mean": [
      0.9628082938327976,
      0.15701625242377165,
      0.8342129848496104,
      0.3194944721731961,
      0.5427148286538201
    ],
    "conf_matrix_mean": [
      [
        2877.2,
        68.0,
        15.0,
        0.4,
        25.6
      ],
      [
        67.4,
        31.6,
        86.0,
        0.2,
        28.8
      ],
      [
        23.8,
        25.2,
        698.6,
        9.8,
        21.8
      ],
      [
        1.4,
        0.4,
        59.4,
        35.4,
        0.0
      ],
      [
        27.6,
        53.4,
        61.0,
        0.0,
        146.2
      ]
    ],
    "training_time": 106.97164249420166,
    "config": {
      "enable_menopause_features": false,
      "metric": "riemann",
      "temporal_smoothing": true,
      "classifier": "ensemble",
      "estimator": "oas"
    }
  },
  "3. Euclid vs Riemann": {
    "accuracy": 0.8738328856775915,
    "accuracy_std": 0.03688344059857036,
    "f1_macro": 0.5649150179230482,
    "f1_macro_std": 0.01804012868405145,
    "f1_per_class_mean": [
      0.960715156507464,
      0.14057121756613972,
      0.833618451963584,
      0.31713460781248193,
      0.5725356557655714
    ],
    "conf_matrix_mean": [
      [
        2870.0,
        76.4,
        14.6,
        0.4,
        24.8
      ],
      [
        71.8,
        30.0,
        85.8,
        0.2,
        26.2
      ],
      [
        23.8,
        28.6,
        694.0,
        9.6,
        23.2
      ],
      [
        1.2,
        0.4,
        58.6,
        36.4,
        0.0
      ],
      [
        28.4,
        52.4,
        60.2,
        0.0,
        147.2
      ]
    ],
    "training_time": 114.03968715667725,
    "config": {
      "enable_menopause_features": true,
      "metric": "euclid",
      "temporal_smoothing": true,
      "classifier": "ensemble",
      "estimator": "oas"
    }
  },
  "4. -Temporal Smoothing": {
    "accuracy": 0.862203569806827,
    "accuracy_std": 0.041609565786502635,
    "f1_macro": 0.5940550831893242,
    "f1_macro_std": 0.020338629723524113,
    "f1_per_class_mean": [
      0.9580500294619767,
      0.157116129005015,
      0.8145062436753641,
      0.5218291935200026,
      0.5187738202842628
    ],
    "conf_matrix_mean": [
      [
        2845.2,
        97.4,
        12.0,
        1.2,
        30.4
      ],
      [
        55.8,
        37.4,
        74.8,
        0.2,
        45.8
      ],
      [
        30.0,
        46.6,
        659.0,
        13.6,
        30.0
      ],
      [
        3.0,
        1.0,
        46.6,
        45.6,
        0.4
      ],
      [
        29.0,
        49.8,
        69.6,
        0.2,
        139.6
      ]
    ],
    "training_time": 116.89524221420288,
    "config": {
      "enable_menopause_features": true,
      "metric": "riemann",
      "temporal_smoothing": false,
      "classifier": "ensemble",
      "estimator": "oas"
    }
  },
  "5. Classifier-LDA": {
    "accuracy": 0.8104403739660061,
    "accuracy_std": 0.0818308237374767,
    "f1_macro": 0.5724237304478021,
    "f1_macro_std": 0.07895893977862006,
    "f1_per_class_mean": [
      0.8950952168115943,
      0.13536472249111633,
      0.7945086022521766,
      0.38497596492075126,
      0.652174145763372
    ],
    "conf_matrix_mean": [
      [
        2617.2,
        145.2,
        115.4,
        90.8,
        17.6
      ],
      [
        37.4,
        39.8,
        82.4,
        0.4,
        54.0
      ],
      [
        72.2,
        15.8,
        636.2,
        9.6,
        45.4
      ],
      [
        45.8,
        0.0,
        15.2,
        35.4,
        0.2
      ],
      [
        32.8,
        26.6,
        11.6,
        0.0,
        217.2
      ]
    ],
    "training_time": 95.81720733642578,
    "config": {
      "enable_menopause_features": true,
      "metric": "riemann",
      "temporal_smoothing": true,
      "classifier": "lda",
      "estimator": "oas"
    }
  },
  "6. Classifier-SVM": {
    "accuracy": 0.8878484617703283,
    "accuracy_std": 0.03410223968741328,
    "f1_macro": 0.5991502401562302,
    "f1_macro_std": 0.03625261518327988,
    "f1_per_class_mean": [
      0.9620506520632326,
      0.11205578186860092,
      0.8396994061092794,
      0.4331293229553307,
      0.6488160377847076
    ],
    "conf_matrix_mean": [
      [
        2907.2,
        33.8,
        20.8,
        6.0,
        18.4
      ],
      [
        68.0,
        19.6,
        92.8,
        0.2,
        33.4
      ],
      [
        42.0,
        22.0,
        678.2,
        11.4,
        25.6
      ],
      [
        5.0,
        0.2,
        44.6,
        46.8,
        0.0
      ],
      [
        40.2,
        22.6,
        35.0,
        0.0,
        190.4
      ]
    ],
    "training_time": 170.62159943580627,
    "config": {
      "enable_menopause_features": true,
      "metric": "riemann",
      "temporal_smoothing": true,
      "classifier": "svm",
      "estimator": "oas"
    }
  },
  "7. Estimator-LWF": {
    "accuracy": 0.8752349597694863,
    "accuracy_std": 0.03972767512088384,
    "f1_macro": 0.5702866288566552,
    "f1_macro_std": 0.02309545205875347,
    "f1_per_class_mean": [
      0.9611561440108977,
      0.15867053562897743,
      0.8345881705530749,
      0.33114965865040197,
      0.5658686354399238
    ],
    "conf_matrix_mean": [
      [
        2867.6,
        80.8,
        14.6,
        0.4,
        22.8
      ],
      [
        70.8,
        31.0,
        87.2,
        0.2,
        24.8
      ],
      [
        21.0,
        29.6,
        699.4,
        7.2,
        22.0
      ],
      [
        1.4,
        0.4,
        59.8,
        35.0,
        0.0
      ],
      [
        30.4,
        44.0,
        65.6,
        0.0,
        148.2
      ]
    ],
    "training_time": 129.51997685432434,
    "config": {
      "enable_menopause_features": true,
      "metric": "riemann",
      "temporal_smoothing": true,
      "classifier": "ensemble",
      "estimator": "lwf"
    }
  },
  "8. Estimator-SCM": {
    "accuracy": 0.8748047184128238,
    "accuracy_std": 0.03626430402701395,
    "f1_macro": 0.5710565375958475,
    "f1_macro_std": 0.023157784364479104,
    "f1_per_class_mean": [
      0.961013922342208,
      0.16181274129509637,
      0.8393719517080129,
      0.3473953963636642,
      0.5456886762702561
    ],