{
  "1. Full Model (Baseline)": {
    "accuracy": 0.8559273183936563,
    "accuracy_std": 0.06743232186449698,
    "f1_macro": 0.5312154627804115,
    "f1_macro_std": 0.05164394241413727,
    "f1_per_class_mean": [
      0.9515860085602228,
      0.11269585858837664,
      0.8308445146059782,
      0.26056928523884626,
      0.5003816469086337
    ],
    "conf_matrix_mean": [
      [
        2796.8,
        150.2,
        14.2,
        0.2,
        24.8
      ],
      [
        66.6,
        29.8,
        84.2,
        0.4,
        33.0
      ],
      [
        20.2,
        37.4,
        678.8,
        22.2,
        20.6
      ],
      [
        1.8,
        0.8,
        68.0,
        26.0,
        0.0
      ],
      [
        26.0,
        67.0,
        50.4,
        0.0,
        144.8
      ]
    ],
    "training_time": 420.8448476791382,
    "config": {
      "enable_menopause_features": true,
      "metric": "riemann",
      "temporal_smoothing": true,
      "classifier": "ensemble",
      "estimator": "oas"
    }
  },
  "2. -Menopause Features": {
    "accuracy": 0.8559273183936563,
    "accuracy_std": 0.06743232186449698,
    "f1_macro": 0.5312154627804115,
    "f1_macro_std": 0.05164394241413727,
    "f1_per_class_mean": [
      0.9515860085602228,
      0.11269585858837664,
      0.8308445146059782,
      0.26056928523884626,
      0.5003816469086337
    ],
    "conf_matrix_mean": [
      [
        2796.8,
        150.2,
        14.2,
        0.2,
        24.8
      ],
      [
        66.6,
        29.8,
        84.2,
        0.4,
        33.0
      ],
      [
        20.2,
        37.4,
        678.8,
        22.2,
        20.6
      ],
      [
        1.8,
        0.8,
        68.0,
        26.0,
        0.0
      ],
      [
        26.0,
        67.0,
        50.4,
        0.0,
        144.8
      ]
    ],
    "training_time": 402.6506049633026,
    "config": {
      "enable_menopause_features": false,
      "metric": "riemann",
      "temporal_smoothing": true,
      "classifier": "ensemble",
      "estimator": "oas"
    }
  },
  "3. Euclid vs Riemann": {
    "accuracy": 0.8559273183936563,
    "accuracy_std": 0.06743232186449698,
    "f1_macro": 0.5312154627804115,
    "f1_macro_std": 0.05164394241413727,
    "f1_per_class_mean": [
      0.9515860085602228,
      0.11269585858837664,
      0.8308445146059782,
      0.26056928523884626,
      0.5003816469086337
    ],
    "conf_matrix_mean": [
      [
        2796.8,
        150.2,
        14.2,
        0.2,
        24.8
      ],
      [
        66.6,
        29.8,
        84.2,
        0.4,
        33.0
      ],
      [
        20.2,
        37.4,
        678.8,
        22.2,
        20.6
      ],
      [
        1.8,
        0.8,
        68.0,
        26.0,
        0.0
      ],
      [
        26.0,
        67.0,
        50.4,
        0.0,
        144.8
      ]
    ],
    "training_time": 432.8358018398285,
    "config": {
      "enable_menopause_features": true,
      "metric": "euclid",
      "temporal_smoothing": true,
      "classifier": "ensemble",
      "estimator": "oas"
    }
  },
  "4. -Temporal Smoothing": {
    "accuracy": 0.8443754314470642,
    "accuracy_std": 0.07394517147591016,
    "f1_macro": 0.5626115762730255,
    "f1_macro_std": 0.04490791803207005,
    "f1_per_class_mean": [
      0.9467145656360396,
      0.12931576479475954,
      0.8070043724407354,
      0.4495698337344997,
      0.48045334475909324
    ],
    "conf_matrix_mean": [
      [
        2771.0,
        144.4,
        24.8,
        0.2,
        45.8
      ],
      [
        55.6,
        34.2,
        72.8,
        0.0,
        51.4
      ],
      [
        26.0,
        57.6,
        639.6,
        24.6,
        31.4
      ],
      [
        3.2,
        2.8,
        54.4,
        36.2,
        0.0
      ],
      [
        30.8,
        60.2,
        55.4,
        0.2,
        141.6
      ]
    ],
    "training_time": 407.6905183792114,
    "config": {
      "enable_menopause_features": true,
      "metric": "riemann",
      "temporal_smoothing": false,
      "classifier": "ensemble",
      "estimator": "oas"
    }
  },
  "5. Classifier-LDA": {
    "accuracy": 0.8559273183936563,
    "accuracy_std": 0.06743232186449698,
    "f1_macro": 0.5312154627804115,
    "f1_macro_std": 0.05164394241413727,
    "f1_per_class_mean": [
      0.9515860085602228,
      0.11269585858837664,
      0.8308445146059782,
      0.26056928523884626,
      0.5003816469086337
    ],
    "conf_matrix_mean": [
      [
        2796.8,
        150.2,
        14.2,
        0.2,
        24.8
      ],
      [
        66.6,
        29.8,
        84.2,
        0.4,
        33.0
      ],
      [
        20.2,
        37.4,
        678.8,
        22.2,
        20.6
      ],
      [
        1.8,
        0.8,
        68.0,
        26.0,
        0.0
      ],
      [
        26.0,
        67.0,
        50.4,
        0.0,
        144.8
      ]
    ],
    "training_time": 458.79189705848694,
    "config": {
      "enable_menopause_features": true,
      "metric": "riemann",
      "temporal_smoothing": true,
      "classifier": "lda",
      "estimator": "oas"
    }
  },
  "6. Classifier-SVM": {
    "accuracy": 0.8559273183936563,
    "accuracy_std": 0.06743232186449698,
    "f1_macro": 0.5312154627804115,
    "f1_macro_std": 0.05164394241413727,
    "f1_per_class_mean": [
      0.9515860085602228,
      0.11269585858837664,
      0.8308445146059782,
      0.26056928523884626,
      0.5003816469086337
    ],
    "conf_matrix_mean": [
      [
        2796.8,
        150.2,
        14.2,
        0.2,
        24.8
      ],
      [
        66.6,
        29.8,
        84.2,
        0.4,
        33.0
      ],
      [
        20.2,
        37.4,
        678.8,
        22.2,
        20.6
      ],
      [
        1.8,
        0.8,
        68.0,
        26.0,
        0.0
      ],
      [
        26.0,
        67.0,
        50.4,
        0.0,
        144.8
      ]
    ],
    "training_time": 428.26940655708313,
    "config": {
      "enable_menopause_features": true,
      "metric": "riemann",
      "temporal_smoothing": true,
      "classifier": "svm",
      "estimator": "oas"
    }
  },
  "7. Estimator-LWF": {
    "accuracy": 0.8559273183936563,
    "accuracy_std": 0.06743232186449698,
    "f1_macro": 0.5312154627804115,
    "f1_macro_std": 0.05164394241413727,
    "f1_per_class_mean": [
      0.9515860085602228,
      0.11269585858837664,
      0.8308445146059782,
      0.26056928523884626,
      0.5003816469086337
    ],
    "conf_matrix_mean": [
      [
        2796.8,
        150.2,
        14.2,
        0.2,
        24.8
      ],
      [
        66.6,
        29.8,
        84.2,
        0.4,
        33.0
      ],
      [
        20.2,
        37.4,
        678.8,
        22.2,
        20.6
      ],
      [
        1.8,
        0.8,
        68.0,
        26.0,
        0.0
      ],
      [
        26.0,
        67.0,
        50.4,
        0.0,
        144.8
      ]
    ],
    "training_time": 445.8252625465393,
    "config": {
      "enable_menopause_features": true,
      "metric": "riemann",
      "temporal_smoothing": true,
      "classifier": "ensemble",
      "estimator": "lwf"
    }
  },
  "8. Estimator-SCM": {
    "accuracy": 0.8559273183936563,
    "accuracy_std": 0.06743232186449698,
    "f1_macro": 0.5312154627804115,
    "f1_macro_std": 0.05164394241413727,
    "f1_per_class_mean": [
      0.9515860085602228,
      0.11269585858837664,
      0.8308445146059782,
      0.26056928523884626,
      0.5003816469086337
    ],