{
  "transition_spectrum": {
    "transition_analysis": {
      "menopausal": {
        "w_to_n1_mean": 25.625,
        "w_to_n1_std": 18.13792642503547,
        "n1_to_n3_mean": 0.125,
        "n1_to_n3_std": 0.33071891388307384,
        "wake_transition_rate_mean": 0.1883735109143701,
        "wake_transition_rate_std": 0.08701351595371887,
        "total_transitions_mean": 133.5,
        "n_subjects": 8
      },
      "young_women": {
        "w_to_n1_mean": 10.1,
        "w_to_n1_std": 4.085339643163099,
        "n1_to_n3_mean": 0.1,
        "n1_to_n3_std": 0.30000000000000004,
        "wake_transition_rate_mean": 0.10442766698363608,
        "wake_transition_rate_std": 0.0439875681654146,
        "total_transitions_mean": 110.5,
        "n_subjects": 10
      },
      "young_men": {
        "w_to_n1_mean": 11.0,
        "w_to_n1_std": 3.714835124201342,
        "n1_to_n3_mean": 0.1,
        "n1_to_n3_std": 0.30000000000000004,
        "wake_transition_rate_mean": 0.14119133832040956,
        "wake_transition_rate_std": 0.05458391312052501,
        "total_transitions_mean": 105.9,
        "n_subjects": 10
      }
    },
    "spectrum_analysis": {
      "menopausal": {
        "delta_mean": 49.88324906105221,
        "delta_std": 4.378639799572206,
        "theta_mean": 5.18239497937193,
        "theta_std": 1.2571560827192778,
        "alpha_mean": 1.9560089031544783,
        "alpha_std": 0.9544280366030684,
        "sigma_mean": 0.9537233081070831,
        "sigma_std": 0.3203721130221836,
        "n_subjects": 8
      },
      "young_women": {
        "delta_mean": 50.68065087895563,
        "delta_std": 4.470423179239249,
        "theta_mean": 4.731675129794395,
        "theta_std": 1.2881279608860976,
        "alpha_mean": 2.040684262602878,
        "alpha_std": 1.2311932475616492,
        "sigma_mean": 1.225444329107789,
        "sigma_std": 0.8537351839775853,
        "n_subjects": 10
      },
      "young_men": {
        "delta_mean": 51.75719323614667,
        "delta_std": 8.521740048131997,
        "theta_mean": 4.632150620933473,
        "theta_std": 1.0191114981476666,
        "alpha_mean": 1.5490806074892232,
        "alpha_std": 0.5774404864721735,
        "sigma_mean": 0.9430412890792914,
        "sigma_std": 0.5123148483527966,
        "n_subjects": 10
      }
    }
  },
  "menopause_sensitivity": {
    "n1_recall": {
      "menopausal": {
        "MenoSCA-FBTS": 38.6,
        "Random Forest": 35.2,
        "EEGNet": 22.8
      },
      "young_women": {
        "MenoSCA-FBTS": 48.5,
        "Random Forest": 42.1,
        "EEGNet": 28.5
      },
      "young_men": {
        "MenoSCA-FBTS": 45.2,
        "Random Forest": 38.8,
        "EEGNet": 25.2
      }
    },
    "n3_recall": {
      "menopausal": {
        "MenoSCA-FBTS": 62.5,
        "Random Forest": 55.8,
        "EEGNet": 18.5
      },
      "young_women": {
        "MenoSCA-FBTS": 84.5,
        "Random Forest": 78.2,
        "EEGNet": 42.1
      },
      "young_men": {
        "MenoSCA-FBTS": 82.5,
        "Random Forest": 75.6,
        "EEGNet": 38.8
      }
    }
  },
  "hypnodensity_quantitative": {
    "menopausal_women": {
      "First Hour": {
        "wake": 99.96407027045886,
        "n1": 0.004817406819483949,
        "n2": 0.02568852527663997,
        "n3": 0.0031449302832697867,
        "rem": 0.002277965116187867
      },
      "Middle Hour": {
        "wake": 1.866937925911619,
        "n1": 0.40432230456796486,
        "n2": 32.503831851105744,
        "n3": 27.392337916714947,
        "rem": 37.832570667738615
      },
      "Last Hour": {
        "wake": 99.94881466031075,
        "n1": 0.015141548514066017,
        "n2": 0.02172584609373492,
        "n3": 0.008181216629547333,
        "rem": 0.006135695729767577
      }
    },
    "young_women": {
      "First Hour": {
        "wake": 99.87292498350143,
        "n1": 0.03088593461294901,
        "n2": 0.031540689334406125,
        "n3": 0.05388174639771629,
        "rem": 0.010766313343803327
      },
      "Middle Hour": {
        "wake": 1.0789890203235093,
        "n1": 6.576303967532719,
        "n2": 34.028236170408185,
        "n3": 34.23699085094692,
        "rem": 24.07947901629465
      },
      "Last Hour": {
        "wake": 99.98369107643764,
        "n1": 0.005244881651833566,
        "n2": 0.0038783766732800964,
        "n3": 0.0034642761302923946,
        "rem": 0.00372170925629689
      }
    },
    "young_men": {
      "First Hour": {
        "wake": 99.97356707851091,
        "n1": 0.01077497900155322,
        "n2": 0.0030501975584229513,
        "n3": 0.008313181702988004,
        "rem": 0.004294250852202215
      },
      "Middle Hour": {
        "wake": 18.360263193994797,
        "n1": 7.365882218434764,
        "n2": 64.2798055046914,
        "n3": 9.825820937675568,
        "rem": 0.16822773160811266
      },
      "Last Hour": {
        "wake": 99.98073493440945,
        "n1": 0.0019089499213957122,
        "n2": 0.003480924050336398,
        "n3": 0.011113125046904315,
        "rem": 0.0027609946069636257
      }
    }
  },
  "outlier_sensitivity": {
    "original": {
      "h_stat": 7.4309113300492555,
      "p_value": 0.024344345720431797,
      "p_mw_yw": 0.020521961698432286,
      "p_mw_ym": 0.01554001554001554,
      "d_mw_yw": -1.1162565285339836,
      "d_mw_ym": -1.290661786082088,
      "n_mw": 8,
      "n_yw": 10,
      "n_ym": 10
    },
    "robust": {
      "h_stat": 6.1297052154194915,
      "p_value": 0.04666071878786346,
      "p_mw_yw": 0.043089263677498976,
      "p_mw_ym": 0.024989716166186754,
      "d_mw_yw": -1.006253482534704,
      "d_mw_ym": -1.1719290861965952,
      "n_mw": 7,
      "n_yw": 10,
      "n_ym": 10
    },
    "excluded_subject": "80"
  },
  "sleep_correlation": {
    "n3_vs_eff": {
      "r": 0.18250164598037044,
      "p": 0.35262043522535963
    },
    "n1_vs_waso": {
      "r": NaN,
      "p": NaN
    },
    "n1_vs_eff": {
      "r": -0.1928086796399779,
      "p": 0.3256091309776017
    }
  }
}