{
  "Random Forest": {
    "accuracy": 0.8670734214809939,
    "accuracy_std": 0.02131997938956846,
    "f1_macro": 0.6060110013341171,
    "f1_macro_std": 0.03574839722556183,
    "conf_matrix": [
      [
        2871.6,
        43.6,
        7.4,
        0.4,
        63.2
      ],
      [
        62.4,
        32.2,
        85.6,
        0.0,
        33.8
      ],
      [
        29.2,
        16.2,
        696.6,
        11.8,
        25.4
      ],
      [
        2.2,
        0.0,
        40.8,
        53.6,
        0.0
      ],
      [
        70.6,
        27.8,
        79.0,
        0.2,
        110.6
      ]
    ],
    "training_time": 17.57718253135681
  },
  "EEGNet (braindecode)": {
    "accuracy": 0.7853417969271839,
    "accuracy_std": 0.06861280930405675,
    "f1_macro": 0.47116143359420154,
    "f1_macro_std": 0.10048206024282354,
    "conf_matrix": [
      [
        2840.6,
        26.6,
        58.8,
        26.2,
        34.0
      ],
      [
        84.8,
        17.4,
        68.8,
        12.0,
        31.0
      ],
      [
        89.2,
        27.2,
        408.6,
        214.4,
        39.8
      ],
      [
        2.8,
        0.0,
        3.2,
        90.4,
        0.2
      ],
      [
        74.4,
        21.8,
        53.8,
        23.8,
        114.4
      ]
    ],
    "training_time": 895.3881733417511
  },
  "TinySleepNet": {
    "accuracy": 0.8542306081207126,
    "accuracy_std": 0.024663829536333986,
    "f1_macro": 0.5784237090681792,
    "f1_macro_std": 0.06946208134829869,
    "conf_matrix": [
      [
        2908.0,
        21.2,
        19.8,
        2.0,
        35.2
      ],
      [
        62.2,
        18.2,
        86.2,
        1.6,
        45.8
      ],
      [
        61.6,
        43.4,
        537.8,
        104.6,
        31.8
      ],
      [
        8.6,
        1.2,
        8.2,
        78.6,
        0.0
      ],
      [
        31.6,
        26.4,
        52.6,
        0.0,
        177.6
      ]
    ],
    "training_time": 668.0668616294861
  },
  "MiniRocket": {
    "accuracy": 0.7198313038624089,
    "accuracy_std": 0.028515104429855612,
    "f1_macro": 0.2392306718681218,
    "f1_macro_std": 0.043939425500353436,
    "conf_matrix": [
      [
        2896.0,
        1.6,
        73.0,
        0.0,
        15.6
      ],
      [
        158.8,
        0.4,
        48.4,
        0.0,
        6.4
      ],
      [
        555.8,
        0.2,
        220.0,
        0.0,
        3.2
      ],
      [
        94.6,
        0.0,
        2.0,
        0.0,
        0.0
      ],
      [
        238.8,
        0.4,
        40.8,
        0.0,
        8.2
      ]
    ],
    "training_time": 1183.4466433525085
  },
  "YASA": {
    "accuracy": 0.8703451127254844,
    "accuracy_std": 0.021315391440231132,
    "f1_macro": 0.5754922803931972,
    "f1_macro_std": 0.04583904483550487,
    "conf_matrix": [
      [
        2906.0,
        29.2,
        8.8,
        0.2,
        42.0
      ],
      [
        60.2,
        34.4,
        84.8,
        0.0,
        34.6
      ],
      [
        26.0,
        21.4,
        689.2,
        17.6,
        25.0
      ],
      [
        1.8,
        0.0,
        40.0,
        54.8,
        0.0
      ],
      [
        76.4,
        45.6,
        71.6,
        0.8,
        93.8
      ]
    ],
    "training_time": 131.033536195755
  },
  "MenoSCA-FBTS": {
    "accuracy": 0.8776759945083343,
    "accuracy_std": 0.03370698190048031,
    "f1_macro": 0.5694406618288502,
    "f1_macro_std": 0.014239183580505715,
    "conf_matrix": [
      [
        2875.8,
        63.8,
        13.4,
        0.4,
        32.8
      ],
      [
        63.2,
        36.6,
        85.0,
        0.4,
        28.8
      ],
      [
        26.4,
        26.2,
        695.6,
        7.8,
        23.2
      ],
      [
        1.2,
        0.4,
        57.0,
        38.0,
        0.0
      ],
      [
        38.6,
        35.6,
        65.0,
        0.0,
        149.0
      ]
    ],
    "training_time": 124.78564763069153
  }
}