{
  "Random Forest": {
    "accuracy": 0.8670734214809939,
    "accuracy_std": 0.02131997938956846,
    "f1_macro": 0.6060110013341171,
    "f1_macro_std": 0.03574839722556183,
    "conf_matrix": [
      [
        2871.6,
        43.6,
        7.4,
        0.4,
        63.2
      ],
      [
        62.4,
        32.2,
        85.6,
        0.0,
        33.8
      ],
      [
        29.2,
        16.2,
        696.6,
        11.8,
        25.4
      ],
      [
        2.2,
        0.0,
        40.8,
        53.6,
        0.0
      ],
      [
        70.6,
        27.8,
        79.0,
        0.2,
        110.6
      ]
    ],
    "training_time": 20.64691948890686
  },
  "EEGNet (braindecode)": {
    "accuracy": 0.8103847678184162,
    "accuracy_std": 0.029885186021584378,
    "f1_macro": 0.4882146785396981,
    "f1_macro_std": 0.07742261183270382,
    "conf_matrix": [
      [
        2905.4,
        19.0,
        23.0,
        11.8,
        27.0
      ],
      [
        98.6,
        13.8,
        73.8,
        6.0,
        21.8
      ],
      [
        129.4,
        12.2,
        464.0,
        160.4,
        13.2
      ],
      [
        2.8,
        0.0,
        6.2,
        87.6,
        0.0
      ],
      [
        85.0,
        26.8,
        77.6,
        7.4,
        91.4
      ]
    ],
    "training_time": 862.0746185779572
  },
  "TinySleepNet": {
    "accuracy": 0.8694731474158933,
    "accuracy_std": 0.00888416668683211,
    "f1_macro": 0.5892265732850523,
    "f1_macro_std": 0.05531370267964276,
    "conf_matrix": [
      [
        2926.4,
        18.2,
        14.4,
        0.8,
        26.4
      ],
      [
        61.8,
        17.0,
        86.6,
        0.6,
        48.0
      ],
      [
        46.6,
        22.6,
        587.6,
        82.0,
        40.4
      ],
      [
        2.4,
        1.0,
        4.8,
        88.4,
        0.0
      ],
      [
        44.0,
        19.6,
        50.6,
        0.0,
        174.0
      ]
    ],
    "training_time": 933.4641926288605
  },
  "MiniRocket": {
    "accuracy": 0.7198313038624089,
    "accuracy_std": 0.028515104429855612,
    "f1_macro": 0.2392306718681218,
    "f1_macro_std": 0.043939425500353436,
    "conf_matrix": [
      [
        2896.0,
        1.6,
        73.0,
        0.0,
        15.6
      ],
      [
        158.8,
        0.4,
        48.4,
        0.0,
        6.4
      ],
      [
        555.8,
        0.2,
        220.0,
        0.0,
        3.2
      ],
      [
        94.6,
        0.0,
        2.0,
        0.0,
        0.0
      ],
      [
        238.8,
        0.4,
        40.8,
        0.0,
        8.2
      ]
    ],
    "training_time": 1356.2523028850555
  },
  "YASA": {
    "accuracy": 0.8703451127254844,
    "accuracy_std": 0.021315391440231132,
    "f1_macro": 0.5754922803931972,
    "f1_macro_std": 0.04583904483550487,
    "conf_matrix": [
      [
        2906.0,
        29.2,
        8.8,
        0.2,
        42.0
      ],
      [
        60.2,
        34.4,
        84.8,
        0.0,
        34.6
      ],
      [
        26.0,
        21.4,
        689.2,
        17.6,
        25.0
      ],
      [
        1.8,
        0.0,
        40.0,
        54.8,
        0.0
      ],
      [
        76.4,
        45.6,
        71.6,
        0.8,
        93.8
      ]
    ],
    "training_time": 152.86519813537598
  },
  "MenoSCA-FBTS": {
    "accuracy": 0.8559273183936563,
    "accuracy_std": 0.06743232186449698,
    "f1_macro": 0.5312154627804115,
    "f1_macro_std": 0.05164394241413727,
    "conf_matrix": [
      [
        2796.8,
        150.2,
        14.2,
        0.2,
        24.8
      ],
      [
        66.6,
        29.8,
        84.2,
        0.4,
        33.0
      ],
      [
        20.2,
        37.4,
        678.8,
        22.2,
        20.6
      ],
      [
        1.8,
        0.8,
        68.0,
        26.0,
        0.0
      ],
      [
        26.0,
        67.0,
        50.4,
        0.0,
        144.8
      ]
    ],
    "training_time": 70.94039702415466
  }
}