{
  "TinySleepNet": {
    "accuracy": 0.864191300055384,
    "accuracy_std": 0.014941629214679253,
    "f1_macro": 0.5790234647458197,
    "f1_macro_std": 0.05617683910291543,
    "conf_matrix": [
      [
        2934.0,
        14.2,
        8.8,
        1.4,
        27.8
      ],
      [
        60.6,
        23.0,
        84.4,
        1.6,
        44.4
      ],
      [
        40.8,
        23.4,
        570.0,
        95.8,
        49.2
      ],
      [
        3.4,
        0.2,
        26.2,
        66.6,
        0.2
      ],
      [
        40.6,
        24.4,
        52.2,
        0.2,
        170.8
      ]
    ],
    "training_time": 1045.9712653160095
  }
}